INCODE,F4SECT,TUITFEES,TOTATTND
1,1,9,8
2,6,2,9
3,5,10,7
4,6,7,9
6,6,7,10
7,5,0,6
8,1,0,8
9,5,9,8
10,2,0,8
11,6,7,8
12,4,3,10
13,1,0,5
14,6,3,10
15,5,9,8
16,4,1,10
17,1,6,6
18,6,5,10
19,1,0,8
20,1,0,2
21,5,10,9
22,5,10,10
23,6,5,10
24,5,10,9
25,6,4,10
26,5,8,7
27,5,9,10
28,4,4,10
30,6,6,10
31,4,3,10
32,4,1,10
33,1,6,5
34,6,5,9
36,5,9,9
37,4,3,10
38,5,10,8
39,4,1,10
40,6,6,10
41,6,6,9
42,4,4,9
43,5,5,9
44,6,6,10
45,5,10,9
46,1,0,5
47,4,1,10
48,4,2,10
49,6,3,10
51,2,8,7
52,6,3,10
53,1,9,9
54,4,4,10
55,4,3,9
56,4,3,10
57,4,3,9
58,4,0,10
59,4,0,0
60,5,0,1
61,2,8,8
62,6,7,10
63,5,10,9
64,4,1,10
65,5,9,9
67,1,0,7
68,5,9,8
69,1,0,6
70,4,3,9
71,1,0,6
72,5,10,9
73,4,3,9
74,6,1,9
75,4,3,10
76,4,2,10
77,4,0,10
78,4,2,9
79,4,1,10
80,5,9,9
82,4,2,10
83,6,5,10
84,5,10,10
85,4,2,10
86,5,10,8
87,4,3,10
88,4,2,9
89,5,10,8
90,4,5,10
91,1,9,8
93,4,3,10
94,1,0,6
95,6,5,9
96,5,10,8
97,5,10,10
98,4,1,10
99,4,2,8
100,5,9,7
102,5,10,9
103,5,10,8
104,6,6,9
105,5,9,9
106,2,9,5
107,4,4,10
108,1,0,7
109,6,6,10
110,4,3,10
111,4,3,8
112,5,10,9
113,4,1,10
114,4,1,9
115,4,3,10
117,4,1,9
118,6,4,9
119,4,3,10
120,4,3,10
122,5,10,9
123,1,0,7
124,5,9,9
125,4,5,10
126,1,9,9
127,6,2,10
129,4,1,7
130,4,6,10
131,6,5,9
133,5,10,9
135,5,6,8
136,4,0,10
137,1,8,6
138,1,0,4
139,5,8,8
140,1,7,7
141,4,3,10
142,6,7,10
143,4,1,10
145,5,10,9
146,6,5,10
147,1,0,8
148,5,9,9
149,4,3,10
150,5,10,10
151,6,5,10
152,5,10,9
153,6,5,10
154,5,10,9
155,6,6,9
156,1,9,8
157,6,6,10
159,1,10,8
160,5,7,8
161,6,7,10
162,5,9,9
163,6,3,9
164,3,7,3
165,4,4,9
166,6,4,10
167,6,5,9
168,6,4,10
169,5,10,9
170,4,1,10
171,5,10,10
172,5,10,8
173,4,2,10
174,3,1,10
175,4,2,10
176,6,6,9
177,5,10,10
178,5,10,9
179,5,10,8
180,5,10,10
181,4,4,10
182,5,10,7
183,4,6,10
184,5,9,8
185,6,3,9
186,6,6,10
187,1,0,8
188,5,8,8
189,4,5,9
191,5,7,7
192,4,4,10
193,1,0,3
194,4,3,9
195,4,2,9
196,6,3,10
197,5,9,8
198,4,1,10
199,5,6,9
200,5,10,9
201,4,2,10
202,4,5,10
203,5,9,7
204,4,3,9
205,4,2,9
206,6,4,10
207,5,8,6
209,1,7,5
210,4,2,10
211,4,1,9
212,4,1,10
213,4,2,9
214,5,8,9
215,6,7,10
216,5,8,8
217,4,1,10
218,5,9,7
219,6,6,10
221,1,0,5
222,6,6,10
224,1,0,3
225,5,7,7
226,4,3,10
227,4,1,10
228,5,9,8
229,5,9,7
230,4,1,10
231,5,10,8
232,4,5,10
233,4,2,9
234,5,10,9
235,5,8,8
236,6,7,8
237,1,0,6
238,6,4,10
239,1,0,8
240,5,9,8
241,4,4,9
242,4,1,10
243,1,0,3
244,6,0,1
245,4,2,9
246,5,10,9
247,6,6,10
248,4,2,8
249,5,8,9
250,5,10,9
251,1,5,7
252,4,3,10
253,5,8,8
255,4,0,0
256,6,5,10
257,4,1,10
258,6,6,10
259,5,8,8
260,6,6,9
261,4,8,6
262,5,7,3
263,5,7,10
264,6,2,10
265,1,6,6
266,2,10,9
267,5,10,8
268,4,1,8
269,5,10,8
270,5,9,9
271,5,9,9
272,1,0,7
273,4,3,9
275,5,6,9
276,1,7,7
278,5,9,9
279,4,4,10
281,5,10,10
282,4,1,10
283,5,10,8
284,5,8,8
285,4,2,10
286,6,7,9
287,6,2,10
288,2,0,5
289,6,6,10
290,4,0,10
291,1,0,7
292,5,5,10
293,3,3,9
294,5,9,9
295,1,0,5
296,5,8,9
298,1,6,7
299,4,4,10
300,1,5,5
301,4,2,9
302,5,10,10
303,6,5,10
304,4,2,10
305,4,4,9
306,4,5,10
307,4,3,9
308,5,9,8
309,6,3,10
310,4,1,10
311,5,9,10
312,5,10,8
313,4,2,9
314,6,3,10
315,5,9,7
316,5,7,7
317,4,3,9
318,3,1,4
319,4,1,10
320,5,8,8
321,6,6,10
322,5,9,8
323,5,9,9
325,6,4,10
326,5,9,7
327,5,7,9
328,5,9,8
329,5,8,9
330,6,5,10
331,5,9,9
332,5,9,8
333,4,4,9
334,6,4,10
335,5,9,9
336,5,8,10
337,4,1,10
338,6,3,10
339,4,5,10
340,4,2,9
341,5,7,10
342,6,5,10
343,1,10,7
344,1,0,7
345,1,9,10
346,5,9,9
347,5,9,9
348,5,10,9
349,6,5,10
350,4,3,8
351,5,8,9
352,4,2,10
353,1,0,7
354,1,0,7
355,6,4,10
356,5,10,8
357,4,2,10
358,5,9,8
359,5,10,9
360,4,2,9
361,4,0,10
362,4,6,9
363,5,10,8
364,5,7,5
365,6,4,10
366,1,5,4
367,4,2,10
368,1,0,3
369,4,2,10
370,6,6,10
371,2,10,5
372,4,3,9
373,6,4,9
374,4,5,8
375,4,1,10
376,4,4,9
377,5,10,8
378,6,5,9
379,5,9,8
380,5,10,8
381,4,1,10
382,5,9,9
383,4,1,10
384,5,10,9
385,4,1,9
386,6,7,8
387,4,5,9
388,6,4,9
390,4,4,10
391,6,5,10
392,6,6,10
393,1,7,8
394,4,3,10
395,1,9,7
396,5,10,9
397,4,5,10
400,5,5,9
401,1,8,9
402,4,3,10
404,4,0,10
405,1,8,5
407,1,0,6
408,5,10,9
409,4,2,8
411,4,4,10
412,1,9,8
413,4,3,9
414,2,3,3
415,5,10,8
416,6,5,10
418,4,1,10
420,5,10,8
421,4,4,7
422,1,0,7
423,4,4,10
424,4,4,10
425,2,7,7
426,5,8,8
429,2,8,5
430,6,6,9
431,2,0,4
432,4,1,10
433,4,1,10
434,5,10,9
435,5,9,9
436,4,2,9
437,4,3,8
438,5,8,4
439,4,2,10
440,4,0,10
441,4,1,10
442,5,10,8
443,6,6,9
444,6,5,10
445,5,10,9
446,6,5,10
448,6,6,10
449,4,3,7
450,6,6,10
451,1,0,7
452,5,9,7
453,4,4,9
454,1,0,6
455,1,0,7
456,4,2,9
457,4,2,9
458,6,4,10
460,6,5,9
461,4,2,7
462,5,10,8
463,6,6,9
464,2,4,6
465,2,0,6
466,2,10,9
467,4,1,10
468,4,1,7
469,6,7,10
470,1,7,7
471,5,10,9
472,6,3,10
473,4,3,9
474,5,10,9
475,6,7,10
476,5,7,8
477,5,9,8
478,5,8,9
479,6,5,10
480,6,5,7
481,3,1,8
482,5,10,8
483,6,5,9
484,4,2,9
486,5,10,10
487,5,10,8
488,6,4,10
490,4,2,9
491,6,6,10
492,6,7,10
493,4,4,9
494,5,8,9
495,4,4,10
496,5,9,9
497,5,9,8
498,4,2,8
499,4,3,10
500,2,9,9
501,5,9,9
502,5,8,8
503,4,1,10
504,6,3,10
505,5,9,9
506,5,0,9
507,5,9,9
509,4,1,10
510,4,2,10
511,5,10,9
512,4,4,10
513,6,7,10
514,4,2,9
515,5,7,9
516,5,10,8
518,6,6,10
519,5,9,9
520,5,10,8
521,5,9,9
522,4,0,6
523,6,7,10
524,5,7,7
525,1,6,7
526,4,2,9
527,4,3,9
529,6,6,9
530,5,8,9
531,4,4,10
532,1,9,9
533,1,0,3
534,4,2,10
535,4,2,10
536,4,2,10
537,4,3,9
538,6,6,10
539,5,10,9
541,6,1,9
542,1,8,8
543,6,6,9
544,6,4,9
545,6,6,10
546,1,0,6
548,6,5,10
549,6,4,9
551,5,10,8
552,1,8,8
553,5,9,7
554,6,5,10
555,1,0,6
556,6,3,10
557,5,10,9
558,5,10,7
559,5,1,1
561,1,0,4
562,6,4,9
563,1,0,7
564,5,0,1
565,5,10,9
566,4,2,9
567,5,8,9
568,5,10,8
569,1,0,3
570,6,4,9
571,5,10,9
572,4,4,10
573,4,1,10
574,4,0,10
575,4,3,9
576,4,6,9
577,5,7,5
578,5,9,9
579,4,2,10
580,4,2,9
581,5,0,1
582,4,0,10
583,4,3,10
584,5,6,8
585,4,2,10
586,1,0,7
587,1,6,5
588,5,10,7
589,4,3,10
590,2,8,7
591,1,0,6
592,3,2,8
593,6,4,9
594,6,6,10
595,4,1,10
596,5,9,10
597,5,10,9
599,2,7,8
600,6,6,10
601,5,9,9
602,4,7,6
603,4,4,8
604,5,10,9
605,4,2,9
606,1,5,7
608,6,5,10
610,1,0,7
611,5,10,9
612,4,4,7
613,1,0,7
614,4,3,8
615,4,1,10
616,1,0,7
617,4,2,9
618,5,8,8
619,4,3,8
620,5,7,9
621,5,10,10
622,4,6,10
623,4,5,10
624,2,10,3
625,1,10,7
626,1,8,8
628,4,2,9
629,2,0,7
630,1,6,8
631,5,10,10
632,6,4,9
634,5,9,8
635,5,9,8
636,6,2,10
637,4,1,9
638,4,1,10
639,5,10,7
640,4,4,9
641,4,5,9
642,6,3,10
643,6,3,9
644,6,4,10
646,6,7,10
647,4,4,9
648,4,2,10
649,1,10,8
650,5,8,10
651,6,7,10
652,1,8,8
653,1,0,8
654,6,2,10
655,6,4,10
656,6,4,10
657,5,7,7
658,5,10,9
659,4,3,10
660,5,9,9
661,5,10,9
662,4,2,10
663,5,10,9
664,1,8,7
665,5,10,8
667,4,5,10
668,5,9,9
669,5,10,9
670,5,6,9
671,2,0,6
672,6,5,10
673,1,8,8
674,4,2,10
675,6,4,10
676,1,8,7
677,6,4,10
678,5,10,8
679,6,8,10
680,4,2,9
681,2,9,7
682,6,6,10
683,5,10,8
684,5,10,10
685,4,3,10
686,6,6,10
687,1,8,7
688,5,8,8
689,1,0,4
692,4,2,9
693,1,9,8
694,4,1,9
695,4,1,10
696,1,9,9
697,4,4,9
698,2,8,3
699,4,3,8
700,4,2,9
701,5,10,5
702,6,5,10
703,6,8,9
705,5,7,9
707,6,3,10
708,5,9,8
709,4,2,7
710,5,5,9
711,4,5,0
712,6,5,10
713,6,4,10
714,5,9,9
715,5,10,9
716,6,5,10
717,6,4,9
719,5,8,10
720,4,2,10
721,2,1,1
723,6,5,10
724,1,9,8
725,6,4,10
726,4,0,10
727,4,2,10
729,2,5,8
731,6,4,10
732,5,10,8
733,4,1,10
734,6,2,9
735,1,0,7
736,6,3,10
737,5,8,8
738,1,0,3
739,2,0,6
740,4,4,7
741,5,0,8
742,5,9,8
743,5,10,9
744,6,5,10
745,1,10,5
746,6,6,10
747,6,5,10
748,4,3,9
749,2,8,7
750,5,7,8
751,5,9,7
752,2,9,6
753,4,2,9
754,6,5,10
755,1,0,5
757,6,7,8
758,4,3,9
759,5,9,9
760,6,6,9
761,4,3,9
762,4,4,10
763,5,10,9
764,4,3,10
765,6,6,10
766,5,10,8
767,5,8,9
768,1,0,3
769,5,10,9
770,5,10,8
771,4,3,10
772,5,9,8
773,5,6,8
774,4,1,10
775,5,8,10
776,1,0,7
778,6,4,10
779,5,9,9
780,1,7,8
781,4,3,8
782,5,0,1
783,4,1,8
784,5,10,9
785,1,0,8
786,4,2,9
787,6,6,9
788,5,9,9
789,1,8,6
790,4,1,10
792,4,3,9
793,5,10,8
794,1,8,7
795,1,0,6
796,5,9,9
797,5,5,10
798,5,9,9
799,4,2,8
800,4,3,10
801,5,10,9
802,6,3,10
803,5,9,10
804,4,4,10
805,5,10,9
806,4,1,10
808,5,9,9
809,5,10,8
810,6,7,10
811,6,6,10
812,5,10,8
813,4,3,8
815,5,8,9
816,4,2,9
817,5,9,7
818,6,4,9
819,5,10,9
820,4,2,10
822,4,3,10
823,3,0,7
824,3,6,5
825,4,4,9
827,1,0,5
828,3,0,5
829,1,0,6
830,1,9,7
831,1,8,8
832,4,3,8
833,6,6,10
835,2,4,9
836,1,0,2
838,6,7,10
839,5,8,8
840,6,7,10
841,4,1,9
842,1,8,8
843,6,5,10
844,1,0,6
845,6,5,10
846,6,8,7
847,4,5,8
848,1,8,4
849,1,8,8
850,5,9,8
851,6,5,10
853,4,4,10
854,5,7,9
855,4,1,10
856,4,2,10
857,3,1,4
858,6,7,10
859,1,9,5
860,5,10,9
861,5,9,8
862,6,3,10
863,6,3,10
864,5,9,6
865,4,5,9
866,1,9,9
867,4,3,9
868,5,10,9
869,1,0,6
870,4,3,9
871,6,5,9
872,5,9,8
873,5,10,10
874,1,8,8
875,4,1,8
876,1,0,4
877,5,10,9
878,1,0,2
879,4,5,9
881,4,3,10
882,1,9,6
883,5,10,9
884,4,2,10
886,6,4,10
887,1,0,2
889,1,6,6
890,4,3,8
892,4,1,8
893,6,4,10
894,6,6,10
895,6,6,10
896,5,9,8
897,6,3,10
898,6,7,10
899,4,2,8
900,4,2,10
902,1,8,4
903,5,7,9
904,6,3,9
905,6,5,10
906,5,10,10
907,6,6,10
908,6,7,9
909,5,10,9
910,6,3,9
911,1,5,8
912,1,0,6
913,1,0,7
914,4,4,10
915,1,8,7
916,5,9,10
917,6,5,9
918,4,4,9
919,5,10,8
920,6,4,10
922,5,10,9
923,4,3,9
924,1,0,5
925,4,3,10
926,5,9,9
927,6,7,9
928,4,3,8
929,4,1,7
930,6,5,10
931,1,0,7
932,5,9,8
933,6,3,10
935,6,4,10
936,1,0,6
937,4,1,10
938,4,4,9
939,2,6,7
941,6,5,10
942,5,9,9
943,6,7,10
944,6,4,10
945,4,3,10
946,4,4,10
947,6,4,10
948,6,6,10
949,5,10,8
950,1,0,7
951,6,4,10
952,6,6,10
953,6,1,9
954,5,10,8
955,4,2,10
956,1,0,0
957,6,3,10
958,6,7,10
959,5,10,8
960,4,1,10
961,4,2,10
962,4,5,10
963,5,10,9
964,5,8,8
965,6,5,10
966,5,10,8
967,5,9,9
968,5,10,8
969,5,9,10
970,5,8,9
971,4,3,8
972,4,5,9
973,1,0,3
974,4,2,10
975,2,8,5
976,5,9,9
977,5,8,9
978,6,4,10
979,5,8,9
981,4,5,9
983,4,2,10
984,4,5,10
985,5,10,9
986,5,10,9
987,4,2,10
988,4,4,9
990,5,10,8
991,5,10,9
992,4,0,10
993,4,1,10
994,4,0,10
996,6,1,9
997,4,2,10
999,6,4,10
1000,1,9,7
1001,6,5,9
1002,6,5,9
1003,5,9,9
1004,5,10,9
1006,6,3,9
1007,5,10,10
1008,5,10,7
1010,2,0,5
1011,6,3,10
1012,4,3,10
1013,1,8,8
1014,5,10,9
1016,5,5,5
1017,1,0,5
1019,1,0,6
1020,5,10,5
1021,4,5,10
1022,5,10,9
1023,5,9,8
1024,1,0,7
1025,4,6,9
1026,1,9,8
1027,5,9,10
1029,6,7,10
1030,4,1,10
1031,5,10,9
1032,5,10,8
1033,6,6,10
1035,1,0,7
1036,1,0,7
1037,5,9,9
1038,4,2,10
1039,3,1,7
1040,5,9,8
1042,4,1,7
1043,4,2,9
1044,2,8,4
1045,5,10,7
1046,4,3,10
1047,4,1,9
1048,6,3,10
1049,4,1,10
1050,5,8,7
1051,4,2,10
1053,6,4,10
1055,5,6,9
1056,5,10,9
1057,1,9,9
1058,6,4,10
1059,6,3,10
1060,1,0,6
1061,4,0,10
1062,5,9,10
1063,5,9,9
1064,1,8,5
1065,6,5,10
1066,5,10,7
1067,5,7,9
1068,1,9,8
1069,4,3,9
1071,6,2,10
1072,1,0,4
1073,6,8,9
1074,1,10,8
1076,4,1,10
1077,5,8,9
1078,1,0,7
1079,4,0,10
1080,4,2,9
1081,1,10,7
1082,5,10,9
1083,6,5,10
1084,1,0,7
1086,4,2,9
1087,6,6,10
1088,5,9,8
1089,6,3,10
1090,2,6,7
1091,3,6,4
1092,4,5,10
1093,4,3,10
1094,6,4,10
1095,5,9,9
1096,4,1,8
1097,4,2,10
1099,4,3,8
1100,5,9,9
1101,6,5,10
1102,1,0,4
1103,5,10,9
1104,5,10,10
1105,4,4,9
1106,5,9,8
1107,5,9,8
1108,5,10,9
1109,6,7,8
1110,4,3,10
1111,1,8,8
1112,5,9,8
1114,5,9,8
1115,6,6,10
1116,6,5,10
1117,4,2,9
1118,4,2,9
1119,1,0,1
1120,1,9,5
1121,1,0,7
1123,5,10,8
1124,6,4,10
1125,5,10,10
1126,5,9,3
1127,6,7,9
1128,5,7,9
1129,3,1,9
1130,1,7,4
1131,5,9,7
1132,5,10,8
1133,5,10,9
1135,4,3,9
1136,1,10,8
1137,6,4,9
1138,4,1,10
1139,5,0,3
1140,1,8,8
1141,6,3,9
1143,5,9,8
1144,4,1,9
1145,5,6,9
1146,1,5,7
1147,5,1,8
1148,6,5,10
1149,6,6,10
1151,1,0,3
1152,4,2,9
1153,5,9,8
1154,1,0,8
1155,1,0,5
1156,4,1,10
1157,1,0,7
1158,6,4,10
1159,6,6,10
1160,6,3,10
1161,5,8,7
1162,6,6,10
1164,5,10,9
1165,1,9,8
1166,1,0,3
1167,5,7,9
1168,6,7,9
1169,4,3,9
1170,1,0,8
1171,4,0,10
1172,4,1,10
1173,4,6,8
1174,1,0,7
1175,2,9,8
1176,6,3,10
1177,4,5,10
1178,6,3,10
1179,4,6,10
1180,5,9,8
1182,5,10,9
1184,1,8,9
1185,5,9,9
1186,6,7,10
1187,5,9,7
1188,6,6,9
1189,3,1,9
1190,6,5,10
1191,4,2,10
1193,6,4,10
1194,6,6,9
1195,1,0,4
1196,6,5,10
1197,5,10,10
1198,4,3,10
1199,5,10,8
1200,4,1,10
1201,6,5,10
1204,4,0,10
1205,6,7,10
1206,5,7,7
1207,5,9,8
1208,4,4,9
1209,6,8,9
1210,4,3,10
1211,6,2,10
1212,4,2,9
1213,6,2,10
1214,1,0,6
1215,4,3,10
1216,6,6,9
1217,5,9,8
1218,4,3,10
1219,5,9,8
1220,1,0,4
1221,5,7,9
1222,4,4,10
1223,4,2,8
1224,4,1,10
1225,6,6,10
1226,6,5,10
1228,4,1,9
1229,2,5,6
1230,6,7,8
1231,6,4,10
1232,4,1,10
1233,3,1,9
1234,6,5,10
1235,1,7,5
1236,4,5,9
1237,1,0,4
1238,4,2,10
1239,6,3,10
1240,4,3,10
1241,6,4,8
1242,4,1,10
1243,1,8,7
1244,1,0,4
1245,6,6,10
1246,6,7,10
1247,6,5,10
1248,5,7,9
1249,6,5,9
1250,5,10,9
1251,5,9,8
1252,5,8,8
1253,5,10,8
1255,4,3,10
1256,6,4,10
1257,4,4,10
1258,6,4,10
1259,1,0,5
1260,1,0,2
1261,6,2,10
1262,6,4,10
1264,5,9,8
1265,5,10,9
1266,1,8,9
1267,4,3,9
1268,5,7,7
1269,6,5,10
1270,1,0,5
1271,5,7,7
1272,5,1,8
1273,1,0,6
1274,4,2,9
1275,5,6,8
1276,1,0,5
1277,5,10,10
1279,6,6,10
1280,5,9,9
1282,3,1,7
1283,5,10,8
1284,1,8,7
1286,5,5,8
1287,6,7,10
1288,4,5,10
1289,6,7,9
1291,6,3,9
1292,6,6,10
1293,4,3,9
1294,4,2,10
1295,1,0,8
1296,6,3,10
1297,4,2,9
1298,6,4,9
1299,1,6,7
1300,6,5,10
1301,5,10,9
1303,6,4,10
1304,6,4,10
1305,1,0,5
1307,5,9,8
1308,5,10,8
1309,2,9,9
1310,4,5,10
1311,1,8,3
1312,1,6,7
1313,6,8,10
1314,6,6,9
1315,4,1,9
1316,5,10,7
1317,1,0,2
1318,5,6,8
1319,4,0,9
1320,6,5,10
1321,4,1,9
1322,6,4,10
1323,1,7,5
1324,1,0,5
1325,4,2,9
1326,6,6,10
1327,2,6,8
1328,1,0,9
1329,5,9,8
1330,6,2,9
1331,4,1,10
1333,5,8,7
1334,4,4,10
1335,5,9,8
1336,1,8,7
1337,4,0,10
1338,6,6,10
1339,4,2,10
1340,1,0,3
1341,6,5,10
1343,4,3,9
1344,4,3,9
1345,1,0,5
1346,4,1,7
1347,4,5,10
1348,4,2,5
1349,5,9,7
1350,5,10,8
1352,6,6,9
1353,5,10,7
1354,6,8,10
1355,6,7,8
1356,1,9,8
1357,4,5,10
1358,4,4,10
1359,6,4,10
1360,5,10,8
1361,6,6,10
1362,1,0,5
1363,2,9,9
1364,4,2,9
1365,4,3,10
1366,5,10,7
1367,1,0,8
1368,4,2,10
1369,1,9,7
1370,1,0,7
1371,4,2,10
1372,4,2,10
1373,5,10,10
1374,4,2,10
1376,5,1,8
1377,1,0,6
1378,5,9,8
1379,5,10,8
1380,2,5,5
1381,5,10,10
1382,1,9,9
1383,5,9,9
1384,6,3,10
1385,4,2,10
1386,6,6,10
1387,5,10,9
1388,4,3,9
1389,5,5,9
1390,4,1,10
1391,5,10,7
1392,4,1,10
1393,5,10,9
1394,5,8,8
1395,6,4,9
1396,4,1,6
1397,6,6,9
1398,2,5,8
1399,6,7,9
1400,3,0,10
1401,4,1,10
1402,4,5,9
1404,1,9,9
1405,4,2,9
1406,6,6,10
1407,5,8,9
1408,6,6,8
1409,4,5,10
1410,4,3,10
1411,4,1,10
1412,6,4,9
1413,4,2,10
1414,5,10,10
1415,4,4,10
1416,1,7,9
1417,4,4,10
1418,6,7,10
1419,4,3,9
1420,4,0,9
1421,6,3,10
1422,5,10,8
1423,6,5,10
1424,4,2,10
1426,2,9,3
1427,5,10,9
1428,5,9,9
1429,5,9,7
1431,1,8,4
1432,5,10,10
1433,5,7,9
1434,6,4,9
1435,1,0,7
1436,5,6,8
1437,5,10,8
1438,5,10,9
1440,4,2,8
1441,4,4,10
1442,4,3,7
1443,6,6,9
1444,5,10,6
1445,4,5,10
1446,4,3,10
1447,5,9,9
1450,1,10,8
1451,4,1,10
1452,4,2,9
1453,4,1,10
1454,4,3,10
1455,4,1,9
1456,1,7,9
1457,3,1,8
1458,1,0,6
1459,5,9,9
1460,5,6,9
1461,5,10,8
1462,6,2,8
1463,5,8,8
1464,4,3,9
1465,4,1,10
1466,6,5,10
1467,1,0,3
1468,1,0,7
1469,5,10,8
1470,5,10,8
1471,1,0,7
1473,5,7,7
1474,4,1,9
1475,4,4,10
1477,2,9,8
1478,4,3,10
1479,3,5,4
1480,4,0,0
1482,4,2,10
1483,6,4,10
1484,6,6,10
1485,6,2,10
1486,1,0,5
1487,6,2,10
1488,2,8,7
1489,4,4,10
1490,6,6,10
1492,5,10,10
1493,6,4,9
1494,4,2,9
1495,4,2,10
1496,1,10,9
1497,5,9,7
1498,6,6,10
1500,4,3,10
1501,4,2,10
1502,4,3,10
1503,5,8,7
1504,5,10,9
1506,4,4,10
1507,5,9,8
1508,5,5,7
1509,6,3,7
1510,2,7,6
1511,5,10,8
1512,4,3,9
1513,1,6,7
1514,5,8,8
1515,1,10,7
1516,3,1,7
1517,1,8,7
1518,2,8,5
1519,1,8,9
1520,4,6,9
1521,4,3,9
1522,4,2,9
1523,4,6,8
1524,5,9,9
1525,4,1,10
1526,1,0,7
1527,2,9,7
1528,6,5,10
1529,5,10,9
1530,4,1,10
1531,4,3,9
1532,1,0,5
1533,4,2,9
1534,6,3,10
1535,6,5,9
1536,1,0,1
1537,6,4,10
1538,6,7,10
1539,4,5,10
1540,5,9,9
1542,6,6,10
1543,6,4,10
1544,4,2,9
1545,5,10,8
1546,4,3,10
1547,1,7,9
1548,4,2,10
1549,5,10,9
1550,4,1,10
1551,1,10,5
1552,5,9,8
1553,4,2,10
1554,4,2,10
1555,2,7,8
1556,4,4,10
1557,1,0,5
1558,6,7,8
1559,5,10,9
1560,1,8,9
1561,5,10,8
1562,5,9,9
1564,5,10,9
1565,4,2,9
1566,5,9,9
1567,5,6,9
1568,6,4,10
1569,4,1,10
1570,5,10,8
1571,4,6,9
1572,4,3,9
1573,4,3,10
1574,5,10,8
1576,5,10,7
1577,6,7,10
1579,5,10,8
1580,6,5,10
1581,1,6,7
1582,5,10,8
1583,5,10,9
1584,1,7,7
1585,5,9,9
1586,1,8,9
1587,5,10,8
1588,6,6,9
1589,4,1,10
1590,2,8,8
1591,5,10,8
1592,5,10,7
1593,4,1,10
1594,6,5,10
1595,4,4,10
1596,6,6,10
1597,4,4,10
1598,6,6,10
1599,1,0,5
1600,5,10,10
1601,6,6,10
1602,1,0,5
1603,5,8,8
1604,4,4,9
1606,2,7,4
1607,4,2,9
1608,6,5,10
1609,4,2,8
1610,6,3,10
1611,5,10,9
1612,1,0,4
1613,6,4,9
1614,5,10,10
1615,5,10,9
1616,4,1,10
1617,5,10,9
1618,6,3,10
1620,4,1,9
1621,4,3,9
1622,5,10,9
1623,1,10,6
1624,1,0,4
1625,1,7,8
1626,1,0,2
1628,4,5,10
1629,6,2,10
1630,4,2,9
1631,5,6,7
1633,4,2,10
1635,4,4,9
1636,5,7,8
1637,5,10,9
1638,6,6,10
1639,6,5,10
1640,4,1,10
1641,6,8,10
1642,4,2,10
1643,4,2,10
1645,6,3,10
1646,4,0,10
1647,5,9,7
1648,4,5,10
1649,6,7,9
1650,6,4,10
1651,1,0,8
1652,5,7,8
1653,4,4,10
1654,6,8,8
1655,4,3,9
1657,6,6,9
1658,5,9,8
1659,6,6,9
1660,4,3,10
1661,6,2,9
1662,4,4,10
1663,2,7,7
1664,5,7,8
1666,5,7,8
1667,5,10,10
1668,4,3,10
1669,6,6,8
1670,5,10,7
1671,6,3,10
1672,4,3,10
1673,5,9,9
1674,6,2,10
1675,6,3,9
1676,4,4,10
1677,5,9,9
1679,5,10,9
1680,6,4,10
1681,4,1,10
1682,4,5,10
1683,4,4,10
1684,1,0,5
1685,5,10,9
1686,1,0,6
1687,5,9,8
1688,4,1,10
1689,4,5,9
1690,4,3,9
1691,5,10,8
1692,6,4,10
1693,5,10,8
1694,6,5,10
1695,5,9,9
1696,1,10,7
1697,6,6,9
1698,4,3,7
1699,6,5,10
1700,5,10,8
1701,3,6,3
1703,6,7,10
1704,5,10,9
1705,4,5,10
1706,1,0,6
1708,4,2,9
1709,6,5,8
1710,4,3,9
1711,1,0,3
1713,1,0,4
1714,4,2,10
1715,4,3,9
1716,1,0,7
1717,5,7,8
1718,1,0,7
1719,6,5,10
1720,3,0,8
1721,6,7,9
1723,1,7,7
1725,5,10,8
1726,5,5,8
1728,3,1,4
1729,4,5,10
1730,4,2,9
1731,5,6,8
1732,4,4,9
1733,4,3,9
1734,6,5,8
1735,1,0,8
1736,1,7,5
1737,4,1,10
1738,4,3,10
1739,5,9,8
1740,6,3,9
1741,4,3,9
1742,1,0,4
1743,5,9,9
1744,6,5,10
1745,4,3,9
1746,5,6,9
1747,5,9,8
1748,6,4,10
1749,6,7,8
1750,4,5,10
1751,5,10,9
1752,5,10,8
1753,4,1,10
1755,6,5,10
1756,4,3,10
1757,2,0,10
1758,4,6,10
1759,1,0,3
1760,4,4,10
1761,6,5,9
1762,5,9,8
1763,1,0,3
1764,6,4,10
1765,1,0,4
1766,6,4,10
1767,1,0,2
1768,1,0,6
1769,5,10,8
1770,5,10,8
1771,5,9,7
1772,1,0,5
1773,1,7,7
1774,5,10,9
1775,1,6,7
1776,5,10,9
1778,5,9,7
1779,5,7,5
1780,1,0,5
1781,1,0,4
1782,6,4,10
1783,4,1,10
1784,4,2,10
1785,5,10,10
1786,4,4,10
1787,1,0,8
1788,5,7,0
1789,1,7,5
1790,4,1,10
1791,4,5,9
1792,4,3,9
1793,5,7,10
1795,6,4,9
1796,5,8,7
1797,5,10,9
1798,5,10,10
1799,6,7,10
1800,4,5,10
1801,1,0,3
1802,4,2,9
1803,1,0,7
1804,1,8,8
1805,6,8,10
1806,4,1,10
1807,6,3,10
1808,5,10,8
1809,4,2,10
1810,3,1,7
1811,6,3,10
1812,5,9,8
1813,5,7,10
1814,4,1,9
1815,4,2,10
1816,5,10,8
1817,6,6,10
1818,1,0,6
1819,5,10,8
1820,4,2,10
1821,5,7,8
1822,4,1,10
1823,1,0,3
1824,4,0,10
1825,5,10,7
1827,5,9,8
1828,1,9,4
1829,5,10,9
1830,4,1,9
1831,4,4,10
1833,5,9,9
1834,4,2,9
1835,4,1,10
1837,4,0,9
1838,6,7,10
1839,1,0,6
1840,4,4,9
1841,1,7,5
1842,5,9,8
1843,5,9,9
1844,4,1,9
1845,5,9,7
1846,1,0,7
1847,1,8,5
1848,5,10,8
1849,1,0,5
1850,4,2,10
1851,4,6,10
1852,4,3,10
1853,4,3,9
1854,6,6,10
1855,5,10,8
1856,6,6,9
1857,6,6,10
1858,1,0,2
1859,5,0,9
1860,6,4,9
1861,4,1,9
1863,4,3,9
1864,6,5,10
1865,6,4,10
1867,4,1,10
1868,1,7,7
1869,4,0,10
1870,6,2,9
1871,5,10,9
1872,5,9,8
1873,4,3,10
1875,5,10,9
1877,4,4,10
1878,6,4,10
1880,4,3,9
1881,4,5,9
1882,5,4,5
1883,5,10,10
1884,1,8,9
1885,6,5,9
1886,4,5,10
1887,5,9,8
1888,4,3,10
1889,5,8,9
1890,1,0,2
1891,3,1,10
1892,5,9,8
1893,2,0,5
1894,5,10,7
1895,4,4,9
1896,4,5,10
1897,5,10,8
1898,5,9,10
1900,4,4,8
1901,5,10,10
1902,4,3,9
1903,4,1,10
1904,6,4,9
1905,6,6,10
1906,5,9,8
1907,4,1,10
1908,5,10,10
1909,6,4,9
1910,4,5,9
1911,5,9,8
1912,5,9,9
1913,4,5,9
1914,6,4,10
1915,4,3,6
1916,6,4,10
1917,4,3,9
1918,6,5,7
1919,6,5,10
1921,1,0,8
1923,1,0,4
1924,5,0,5
1925,6,1,9
1928,1,0,7
1929,6,3,10
1930,6,6,10
1931,4,1,10
1932,6,2,10
1933,4,2,10
1934,1,0,7
1935,6,5,9
1937,6,5,10
1938,6,5,10
1939,4,2,10
1940,5,7,8
1941,1,0,2
1942,5,9,8
1943,5,9,10
1944,3,4,7
1945,5,10,9
1946,6,6,9
1947,5,10,7
1948,5,10,8
1949,6,5,10
1950,5,10,8
1951,6,5,9
1952,5,8,10
1956,5,10,7
1957,6,4,10
1959,5,10,10
1960,4,5,8
1963,6,7,10
1964,4,1,10
1965,1,0,2
1966,6,4,10
1968,4,6,8
1969,4,1,10
1970,5,9,9
1971,1,0,2
1972,5,9,9
1974,1,9,8
1975,6,5,10
1976,4,2,6
1977,4,2,8
1978,6,4,10
1979,1,0,6
1980,5,10,8
1983,6,6,10
1984,1,0,7
1985,5,10,8
1986,1,0,8
1987,5,9,7
1988,4,3,9
1989,4,2,9
1990,4,5,8
1991,5,10,9
1992,5,9,8
1993,5,8,8
1994,4,1,10
1998,5,9,8
1999,5,10,9
2000,4,3,9
2001,5,8,7
2002,3,0,9
2003,6,5,10
2004,5,9,8
2005,4,0,10
2006,5,9,9
2007,5,10,9
2008,4,2,10
2009,1,5,1
2010,5,10,10
2011,6,1,9
2012,4,2,9
2013,4,3,8
2014,6,4,10
2015,4,3,9
2016,2,0,6
2017,1,7,7
2018,4,1,10
2019,6,5,10
2020,4,4,10
2021,4,3,10
2022,4,3,9
2023,4,5,9
2024,1,8,8
2025,4,3,9
2026,4,3,9
2027,5,7,8
2028,5,8,9
2029,4,2,9
2030,5,9,10
2031,6,6,10
2032,5,8,8
2033,5,9,9
2034,4,6,9
2035,1,0,6
2036,1,0,4
2037,6,6,10
2039,4,2,10
2040,6,7,8
2041,5,10,10
2042,2,7,10
2043,1,0,8
2044,4,1,10
2046,5,10,8
2047,4,2,10
2048,4,0,10
2049,4,4,10
2050,4,2,9
2051,4,4,9
2052,6,2,10
2053,4,3,10
2054,4,2,10
2055,5,8,6
2056,4,1,10
2057,6,5,10
2058,4,3,1
2059,4,3,10
2060,6,3,10
2061,4,4,10
2063,4,1,10
2064,5,10,8
2065,2,5,4
2066,1,0,7
2067,4,4,10
2068,4,5,10
2069,1,0,7
2070,1,0,8
2071,5,8,9
2072,5,10,9
2073,6,5,10
2074,5,8,9
2075,5,10,10
2076,5,10,9
2077,6,4,10
2078,2,10,5
2080,4,1,10
2082,5,10,8
2083,5,7,8
2084,6,3,10
2086,5,10,9
2089,1,0,7
2090,4,0,10
2091,6,3,8
2092,4,1,10
2093,6,3,10
2094,6,6,8
2095,4,2,10
2096,4,2,9
2097,6,5,10
2099,4,6,8
2100,5,9,8
2101,4,4,9
2102,4,2,8
2103,1,0,4
2104,5,9,9
2105,6,4,9
2106,4,1,9
2107,2,9,7
2108,4,3,7
2109,6,4,10
2110,6,5,10
2111,4,4,8
2112,5,9,8
2113,1,7,7
2114,5,9,8
2115,4,2,10
2116,4,3,9
2117,6,4,10
2118,4,3,10
2119,2,8,7
2120,6,3,10
2121,1,9,7
2122,6,4,10
2123,5,9,9
2124,4,3,10
2125,5,8,7
2126,5,9,8
2127,5,8,8
2128,6,6,10
2129,6,2,10
2130,4,3,10
2131,2,5,6
2133,6,4,10
2134,1,0,6
2135,4,1,10
2136,6,7,10
2137,4,3,10
2138,5,10,9
2139,5,10,8
2140,4,2,10
2141,5,9,9
2142,4,2,10
2143,5,10,10
2144,5,10,10
2145,2,9,0
2146,1,0,7
2147,4,2,10
2149,4,3,9
2150,4,3,10
2151,4,2,10
2152,4,3,10
2153,6,6,10
2155,4,2,9
2156,5,8,8
2157,5,9,9
2158,5,9,8
2159,4,6,10
2160,4,0,10
2161,4,6,9
2162,4,5,9
2163,5,10,9
2164,4,3,9
2165,4,2,10
2166,4,3,10
2167,4,2,10
2168,6,4,10
2169,5,10,8
2171,5,8,9
2172,4,4,10
2173,4,2,8
2174,1,8,8
2175,5,10,8
2177,4,1,10
2178,2,5,8
2179,6,6,9
2180,4,2,10
2182,3,1,8
2183,5,10,9
2184,4,3,10
2185,6,3,10
2186,2,0,6
2187,6,7,8
2188,6,4,10
2189,5,8,7
2190,5,6,9
2191,4,5,10
2192,4,3,9
2193,6,7,10
2194,6,6,9
2195,6,5,10
2196,5,8,9
2197,5,10,8
2198,5,10,9
2199,1,0,2
2200,5,10,9
2201,4,1,9
2202,5,9,9
2203,5,7,9
2204,2,5,5
2205,4,5,9
2206,4,4,10
2207,5,1,8
2208,5,0,1
2209,6,4,9
2210,1,0,7
2211,4,5,10
2212,5,10,8
2214,6,2,10
2215,6,5,10
2216,5,5,8
2217,4,4,9
2219,4,1,10
2220,5,10,8
2221,5,9,9
2222,4,5,10
2223,6,2,9
2225,1,0,4
2226,4,5,10
2227,5,9,7
2228,4,2,9
2229,6,6,10
2230,6,4,9
2231,4,1,8
2232,2,8,6
2233,4,4,10
2234,6,3,10
2235,1,10,8
2236,6,4,10
2237,4,1,10
2239,1,0,5
2240,5,10,9
2241,6,5,10
2242,6,5,10
2243,6,6,9
2244,4,1,10
2245,5,10,7
2246,5,10,8
2247,5,7,10
2248,6,6,10
2251,5,5,6
2252,1,0,7
2253,2,0,6
2254,5,10,9
2255,6,5,10
2257,4,5,9
2258,1,10,7
2259,6,6,10
2260,5,9,9
2261,5,10,10
2262,5,10,9
2264,1,0,5
2265,5,10,9
2266,4,3,8
2267,2,8,7
2268,6,5,8
2269,5,10,9
2270,5,10,8
2271,5,10,8
2272,4,5,10
2273,6,5,10
2274,5,9,8
2275,4,1,10
2276,5,9,8
2277,4,2,9
2278,6,2,10
2279,5,4,9
2280,5,10,9
2282,1,9,7
2283,6,7,10
2284,4,1,10
2285,6,2,10
2286,4,3,10
2288,6,2,10
2289,6,5,10
2290,4,1,10
2291,4,2,7
2292,4,2,9
2293,6,4,10
2294,5,10,9
2295,2,4,9
2296,1,9,9
2297,5,10,9
2298,4,2,9
2299,6,5,9
2300,1,6,9
2301,6,4,10
2302,5,10,9
2303,3,6,5
2304,4,2,10
2305,5,6,6
2306,1,0,2
2307,4,5,10
2308,6,5,9
2309,4,2,7
2310,6,2,10
2311,5,9,7
2312,4,4,10
2313,6,6,10
2314,6,3,10
2315,3,2,9
2316,4,4,10
2317,4,4,10
2318,6,6,10
2319,5,9,9
2320,4,4,10
2321,6,2,10
2322,6,2,10
2323,1,10,5
2324,5,10,8
2325,4,2,9
2326,2,9,8
2327,5,10,10
2328,6,8,10
2329,4,4,10
2330,5,10,9
2331,6,4,10
2332,5,7,9
2333,4,4,10
2334,6,3,9
2335,5,9,8
2336,6,7,8
2337,6,7,8
2338,1,0,4
2339,5,10,10
2340,4,1,10
2341,6,4,9
2342,4,2,10
2343,4,4,9
2344,2,7,7
2345,1,7,7
2346,4,5,10
2347,5,10,9
2348,5,8,10
2349,4,5,9
2350,4,0,10
2351,3,4,7
2352,4,3,10
2353,4,4,10
2354,5,10,8
2355,6,4,9
2356,5,10,9
2357,1,0,8
2359,4,4,9
2360,4,1,8
2361,5,0,9
2362,4,3,9
2363,5,7,8
2364,5,8,7
2365,6,2,9
2366,1,0,7
2367,6,3,9
2368,1,7,6
2369,4,3,9
2370,6,5,10
2371,5,0,7
2372,1,0,5
2373,4,1,10
2374,4,2,9
2375,4,2,8
2376,3,4,9
2377,4,2,9
2379,5,10,9
2380,4,5,10
2381,5,0,6
2382,6,6,10
2383,5,9,9
2384,6,6,10
2385,4,0,10
2386,5,10,9
2387,1,9,7
2388,4,4,9
2389,1,5,8
2390,6,3,9
2391,4,5,10
2393,6,6,9
2394,4,1,9
2395,1,0,4
2396,1,8,7
2397,4,1,10
2398,1,0,2
2399,5,7,7
2400,4,1,10
2401,6,5,9
2402,5,10,8
2403,5,10,8
2404,4,3,10
2405,2,8,6
2408,5,9,9
2409,5,10,9
2411,5,9,9
2412,6,5,10
2413,1,8,6
2414,5,10,8
2415,5,10,9
2416,5,10,9
2417,6,5,10
2418,5,10,10
2419,1,0,7
2420,5,10,8
2422,5,10,9
2423,6,5,10
2424,4,3,10
2425,1,0,9
2426,4,5,10
2427,5,10,9
2428,1,9,9
2429,5,10,9
2430,1,10,6
2431,1,0,7
2432,4,2,10
2433,5,10,8
2434,6,3,9
2435,4,2,10
2437,4,0,9
2438,4,5,10
2439,4,2,10
2440,6,3,9
2441,5,9,8
2442,5,10,9
2443,5,10,6
2444,1,8,8
2445,4,4,9
2446,5,10,9
2447,6,5,10
2448,5,10,8
2449,4,6,10
2450,5,10,9
2451,1,9,7
2452,4,4,10
2453,1,7,7
2454,5,10,9
2455,6,5,9
2456,6,4,10
2458,4,4,8
2459,6,7,10
2460,6,4,10
2461,4,3,10
2462,4,2,10
2463,5,0,9
2464,4,2,8
2465,6,6,10
2466,4,3,9
2467,5,9,9
2468,4,1,10
2469,5,9,9
2470,4,3,10
2471,4,3,9
2473,4,2,10
2475,6,2,9
2476,5,5,10
2477,4,6,8
2478,5,9,8
2479,6,6,10
2480,6,6,9
2481,5,10,9
2482,5,9,8
2484,5,9,9
2485,3,2,8
2486,5,8,8
2487,5,9,9
2488,5,9,9
2489,5,10,9
2490,2,6,8
2491,5,8,8
2492,5,9,10
2493,5,9,8
2494,5,10,9
2495,6,2,9
2496,2,9,5
2497,4,3,9
2498,4,1,10
2499,6,3,10
2500,5,8,9
2501,2,6,6
2502,5,10,8
2503,6,7,10
2504,6,5,10
2505,5,6,7
2506,4,2,10
2507,2,9,8
2508,5,9,9
2509,5,10,9
2510,4,1,10
2511,4,3,10
2512,6,6,10
2513,1,0,7
2514,1,9,7
2515,4,2,9
2516,6,4,10
2517,2,5,8
2518,1,6,7
2520,4,2,9
2521,5,9,6
2522,4,3,10
2523,5,10,9
2524,6,5,10
2525,4,2,10
2526,4,2,10
2527,5,10,9
2528,6,6,10
2529,4,2,10
2530,5,0,8
2531,4,2,10
2532,5,10,10
2533,4,3,9
2534,2,9,7
2536,5,10,9
2537,5,10,10
2538,1,8,9
2540,5,8,9
2541,5,9,8
2542,1,0,7
2543,6,3,10
2544,1,7,8
2546,5,8,8
2547,5,10,9
2553,5,7,8
2555,6,3,9
2563,5,9,9
2567,5,10,8
2568,1,10,7
2570,4,2,9
2572,4,2,8
2576,1,0,10
2589,4,5,9
2590,1,7,5
2592,5,2,10
2594,6,2,10
2597,5,5,6
2601,2,7,8
2602,1,10,7
2604,5,10,9
2610,4,1,7
2613,1,0,3
2617,1,9,7
2619,6,6,9
2620,4,1,8
2625,4,2,9
2626,5,0,8
2628,5,8,8
2629,4,3,10
2630,5,8,8
2631,5,1,6
2632,4,2,10
2633,5,10,9
2634,5,8,7
2636,5,10,8
2638,1,0,5
2639,6,6,7
2643,5,0,1
2647,4,1,9
2650,6,7,8
2651,6,3,8
2660,5,9,8
2665,1,0,5
2667,5,10,8
2668,5,10,4
2669,5,6,8
2671,1,7,6
2672,5,10,8
2673,5,10,8
2679,4,1,10
2682,4,4,10
2683,5,9,8
2686,6,5,2
2688,5,9,9
2690,5,10,8
2691,5,9,8
2692,4,2,9
2698,5,10,9
2703,4,3,9
2705,4,8,1
2706,5,5,6
2707,1,0,9
2709,4,3,10
2712,5,5,8
2714,4,3,8
2715,4,5,10
2718,5,9,5
2719,5,10,8
2727,5,9,7
2734,5,0,8
2737,2,7,7
2739,4,3,10
2740,5,6,7
2747,1,0,4
2748,6,7,8
2753,1,7,8
2757,5,10,10
2765,5,9,8
2768,6,4,9
2769,2,8,8
2770,1,8,7
2775,5,9,8
2776,4,6,10
2782,1,9,4
2783,6,8,8
2788,1,0,8
2789,5,10,9
2790,2,0,4
2791,5,10,8
2793,3,2,7
2799,5,9,8
2801,4,3,10
2811,6,3,7
2812,1,7,8
2814,6,6,10
2821,4,5,9
2823,5,-9,-9
2824,5,-9,-9
2825,4,-9,-9
2826,6,-9,-9
2827,2,-9,-9
2828,4,-9,-9
2829,3,-9,-9
2830,1,-9,-9
2831,1,-9,-9
2832,1,-9,-9
2833,4,-9,-9
2834,3,-9,-9
2835,1,-9,-9
2836,3,-9,-9
2837,4,-9,-9
2838,6,-9,-9
2839,1,-9,-9
2840,1,-9,-9
2841,5,-9,-9
2842,4,-9,-9
2843,1,-9,-9
2844,1,-9,-9
2845,1,-9,-9
2846,1,-9,-9
2847,4,-9,-9
2848,1,-9,-9
2849,4,-9,-9
2850,1,-9,-9
2851,2,-9,-9
2852,1,-9,-9
2853,1,-9,-9
2854,1,-9,-9
2855,1,-9,-9
2856,4,-9,-9
2857,5,-9,-9
2858,5,-9,-9
2859,4,-9,-9
2860,5,-9,-9
2861,1,-9,-9
2862,4,-9,-9
2863,1,-9,-9
2864,1,-9,-9
2865,1,-9,-9
2866,2,-9,-9
2867,5,-9,-9
2868,1,-9,-9
2869,4,-9,-9
2870,4,-9,-9
2871,4,-9,-9
2872,4,-9,-9
2873,3,-9,-9
2874,1,-9,-9
2875,4,-9,-9
2876,1,-9,-9
2877,1,-9,-9
2878,4,-9,-9
2879,1,-9,-9
2880,1,-9,-9
2881,6,-9,-9
2882,5,-9,-9
2883,4,-9,-9
2884,5,-9,-9
2885,5,-9,-9
2886,1,-9,-9
2887,3,-9,-9
2888,5,-9,-9
2889,1,-9,-9
2890,1,-9,-9
2891,4,-9,-9
2892,1,-9,-9
2893,1,-9,-9
2894,4,-9,-9
2895,1,-9,-9
2896,1,-9,-9
2897,1,-9,-9
2898,1,-9,-9
2899,2,-9,-9
2900,1,-9,-9
2901,1,-9,-9
2902,1,-9,-9
2903,2,-9,-9
2904,3,-9,-9
2905,1,-9,-9
2906,4,-9,-9
2907,1,-9,-9
2908,4,-9,-9
2909,1,-9,-9
2910,4,-9,-9
2911,1,-9,-9
2912,4,-9,-9
2913,5,-9,-9
2914,5,-9,-9
2915,2,-9,-9
2916,4,-9,-9
2917,5,-9,-9
2918,1,-9,-9
2919,1,-9,-9
2920,1,-9,-9
2921,4,-9,-9
2922,2,-9,-9
2923,1,-9,-9
2924,4,-9,-9
2925,1,-9,-9
2926,4,-9,-9
2927,6,-9,-9
2928,4,-9,-9
2929,1,-9,-9
2930,1,-9,-9
2931,1,-9,-9
2932,2,-9,-9
2933,1,-9,-9
2934,3,-9,-9
2935,1,-9,-9
2936,1,-9,-9
2937,2,-9,-9
2938,1,-9,-9
2939,5,-9,-9
2940,4,-9,-9
2941,4,-9,-9
2942,1,-9,-9
2943,4,-9,-9
2944,1,-9,-9
2945,3,-9,-9
2946,5,-9,-9
2947,4,-9,-9
2948,2,-9,-9
2949,4,-9,-9
2950,4,-9,-9
2951,6,-9,-9
2952,1,-9,-9
2953,1,-9,-9
2954,1,-9,-9
2955,2,-9,-9
2956,1,-9,-9
2957,3,-9,-9
2958,5,-9,-9
2959,5,-9,-9
2960,1,-9,-9
2961,3,-9,-9
2962,1,-9,-9
2963,5,-9,-9
2964,4,-9,-9
2965,4,-9,-9
2966,2,-9,-9
2967,4,-9,-9
2968,5,-9,-9
2969,1,-9,-9
2970,1,-9,-9
2971,5,-9,-9
2972,1,-9,-9
2973,2,-9,-9
2974,5,-9,-9
2975,5,-9,-9
2976,5,-9,-9
2977,1,-9,-9
2978,4,-9,-9
2979,1,-9,-9
2980,1,-9,-9
2981,1,-9,-9
2982,1,-9,-9
2983,1,-9,-9
2984,3,-9,-9
2985,1,-9,-9
2986,5,-9,-9
2987,1,-9,-9
2988,1,-9,-9
2989,5,-9,-9
2990,3,-9,-9
2991,5,-9,-9
2992,4,-9,-9
2993,1,-9,-9
2994,4,-9,-9
2995,4,-9,-9
2996,1,-9,-9
2997,1,-9,-9
2998,3,-9,-9
2999,3,-9,-9
3000,5,-9,-9
3001,1,-9,-9
3002,1,-9,-9
3003,4,-9,-9
3004,4,-9,-9
3005,1,-9,-9
3006,5,-9,-9
3007,1,-9,-9
3008,1,-9,-9
3009,1,-9,-9
3010,1,-9,-9
3011,5,-9,-9
3012,1,-9,-9
3013,1,-9,-9
3014,1,-9,-9
3015,1,-9,-9
3016,1,-9,-9
3017,1,-9,-9
3018,1,-9,-9
3019,2,-9,-9
3020,1,-9,-9
3021,1,-9,-9
3022,2,-9,-9
3023,1,-9,-9
3024,4,-9,-9
3025,1,-9,-9
3026,1,-9,-9
3027,1,-9,-9
3028,2,-9,-9
3029,1,-9,-9
3030,5,-9,-9
3031,3,-9,-9
3032,1,-9,-9
3033,1,-9,-9
3034,3,-9,-9
3035,1,-9,-9
3036,5,-9,-9
3037,4,-9,-9
3038,4,-9,-9
3039,5,-9,-9
3040,6,-9,-9
3041,5,-9,-9
3042,1,-9,-9
3043,2,-9,-9
3044,3,-9,-9
3045,5,-9,-9
3046,1,-9,-9
3047,4,-9,-9
3048,1,-9,-9
3049,1,-9,-9
3050,5,-9,-9
3051,6,-9,-9
3052,1,-9,-9
3053,4,-9,-9
3054,4,-9,-9
3055,6,-9,-9
3056,4,-9,-9
3057,5,-9,-9
3058,1,-9,-9
3059,5,-9,-9
3060,1,-9,-9
3061,1,-9,-9
3062,1,-9,-9
3063,1,-9,-9
3064,5,-9,-9
3065,4,-9,-9
3066,1,-9,-9
3067,1,-9,-9
3068,5,-9,-9
3069,1,-9,-9
3070,3,-9,-9
3071,1,-9,-9
3072,1,-9,-9
3073,1,-9,-9
3074,1,-9,-9
3075,1,-9,-9
3076,1,-9,-9
3077,1,-9,-9
3078,4,-9,-9
3079,4,-9,-9
3080,4,-9,-9
3081,1,-9,-9
3082,4,-9,-9
3083,2,-9,-9
3084,4,-9,-9
3085,1,-9,-9
3086,1,-9,-9
3087,4,-9,-9
3088,1,-9,-9
3089,1,-9,-9
3090,5,-9,-9
3091,1,-9,-9
3092,1,-9,-9
3093,1,-9,-9
3094,3,-9,-9
3095,4,-9,-9
3096,1,-9,-9
3097,1,-9,-9
3098,1,-9,-9
3099,5,-9,-9
3100,6,-9,-9
3101,1,-9,-9
3102,4,-9,-9
3103,1,-9,-9
3104,1,-9,-9
3105,4,-9,-9
3106,6,-9,-9
3107,5,-9,-9
3108,5,-9,-9
3109,5,-9,-9
3110,1,-9,-9
3111,4,-9,-9
3112,3,-9,-9
3113,1,-9,-9
3114,1,-9,-9
3115,3,-9,-9
3116,4,-9,-9
3117,4,-9,-9
3118,1,-9,-9
3119,1,-9,-9
3120,4,-9,-9
3121,1,-9,-9
3122,5,-9,-9
3123,6,-9,-9
3124,5,-9,-9
3125,1,-9,-9
3126,1,-9,-9
3127,2,-9,-9
3128,1,-9,-9
3129,5,-9,-9
3130,2,-9,-9
3131,4,-9,-9
3132,2,-9,-9
3133,1,-9,-9
3134,1,-9,-9
3135,3,-9,-9
3136,5,-9,-9
3137,5,-9,-9
3138,2,-9,-9
3139,1,-9,-9
3140,1,-9,-9
3141,6,-9,-9
3142,1,-9,-9
3143,1,-9,-9
3144,1,-9,-9
3145,4,-9,-9
3146,4,-9,-9
3147,4,-9,-9
3148,6,-9,-9
3149,1,-9,-9
3150,4,-9,-9
3151,4,-9,-9
3152,1,-9,-9
3153,1,-9,-9
3154,1,-9,-9
3155,4,-9,-9
3156,4,-9,-9
3157,6,-9,-9
3158,1,-9,-9
3159,5,-9,-9
3160,4,-9,-9
3161,5,-9,-9
3162,5,-9,-9
3163,1,-9,-9
3164,1,-9,-9
3165,1,-9,-9
3166,1,-9,-9
3167,1,-9,-9
3168,5,-9,-9
3169,1,-9,-9
3170,5,-9,-9
3171,5,-9,-9
3172,4,-9,-9
3173,2,-9,-9
3174,1,-9,-9
3175,4,-9,-9
3176,1,-9,-9
3177,1,-9,-9
3178,5,-9,-9
3179,1,-9,-9
3180,4,-9,-9
3181,1,-9,-9
3182,1,-9,-9
3183,1,-9,-9
3184,1,-9,-9
3185,1,-9,-9
3186,1,-9,-9
3187,5,-9,-9
3188,2,-9,-9
3189,1,-9,-9
3190,1,-9,-9
3191,1,-9,-9
3192,1,-9,-9
3193,1,-9,-9
3194,1,-9,-9
3195,1,-9,-9
3196,1,-9,-9
3197,2,-9,-9
3198,2,-9,-9
3199,2,-9,-9
3200,6,-9,-9
3201,5,-9,-9
3202,4,-9,-9
3203,1,-9,-9
3204,1,-9,-9
3205,1,-9,-9
3206,3,-9,-9
3207,5,-9,-9
3208,1,-9,-9
3209,1,-9,-9
3210,4,-9,-9
3211,1,-9,-9
3212,2,-9,-9
3213,1,-9,-9
3214,5,-9,-9
3215,2,-9,-9
3216,1,-9,-9
3217,1,-9,-9
3218,3,-9,-9
3219,1,-9,-9
3220,1,-9,-9
3221,4,-9,-9
3222,1,-9,-9
3223,4,-9,-9
3224,1,-9,-9
3225,1,-9,-9
3226,6,-9,-9
3227,3,-9,-9
3228,5,-9,-9
3229,1,-9,-9
3230,1,-9,-9
3231,1,-9,-9
3232,4,-9,-9
3233,1,-9,-9
3234,4,-9,-9
3235,3,-9,-9
3236,1,-9,-9
3237,5,-9,-9
3238,1,-9,-9
3239,1,-9,-9
3240,1,-9,-9
3241,5,-9,-9
3242,1,-9,-9
3243,1,-9,-9
3244,1,-9,-9
3245,1,-9,-9
3246,5,-9,-9
3247,1,-9,-9
3248,4,-9,-9
3249,1,-9,-9
3250,3,-9,-9
3251,5,-9,-9
3252,3,-9,-9
3253,4,-9,-9
3254,5,-9,-9
3255,1,-9,-9
3256,3,-9,-9
3257,4,-9,-9
3258,4,-9,-9
3259,2,-9,-9
3260,4,-9,-9
3261,4,-9,-9
3262,2,-9,-9
3263,5,-9,-9
3264,5,-9,-9
3265,5,-9,-9
3266,6,-9,-9
3267,2,-9,-9
3268,3,-9,-9
3269,5,-9,-9
3270,1,-9,-9
3271,1,-9,-9
3272,6,-9,-9
3273,5,-9,-9
3274,1,-9,-9
3275,1,-9,-9
3276,1,-9,-9
3277,5,-9,-9
3278,1,-9,-9
3279,5,-9,-9
3280,1,-9,-9
3281,1,-9,-9
3282,5,-9,-9
3283,1,-9,-9
3284,5,-9,-9
3285,1,-9,-9
3286,5,-9,-9
3287,2,-9,-9
3288,3,-9,-9
3289,5,-9,-9
3290,1,-9,-9
3291,1,-9,-9
3292,5,-9,-9
3293,1,-9,-9
3294,1,-9,-9
3295,5,-9,-9
3296,1,-9,-9
3297,1,-9,-9
3298,4,-9,-9
3299,6,-9,-9
3300,4,-9,-9
3301,1,-9,-9
3302,5,-9,-9
3303,4,-9,-9
3304,4,-9,-9
3305,1,-9,-9
3306,1,-9,-9
3307,5,-9,-9
3308,3,-9,-9
3309,1,-9,-9
3310,4,-9,-9
3311,5,-9,-9
3312,1,-9,-9
3313,4,-9,-9
3314,5,-9,-9
3315,5,-9,-9
3316,1,-9,-9
3317,4,-9,-9
3318,4,-9,-9
3319,1,-9,-9
3320,1,-9,-9
3321,5,-9,-9
3322,2,-9,-9
3323,1,-9,-9
3324,6,-9,-9
3325,1,-9,-9
3326,5,-9,-9
3327,1,-9,-9
3328,4,-9,-9
3329,5,-9,-9
3330,2,-9,-9
3331,1,-9,-9
3332,4,-9,-9
3333,6,-9,-9
3334,4,-9,-9
3335,1,-9,-9
3336,4,-9,-9
3337,1,-9,-9
3338,5,-9,-9
3339,5,-9,-9
3340,1,-9,-9
3341,1,-9,-9
3342,1,-9,-9
3343,1,-9,-9
3344,1,-9,-9
3345,5,-9,-9
3346,6,-9,-9
3347,1,-9,-9
3348,4,-9,-9
3349,4,-9,-9
3350,1,-9,-9
3351,1,-9,-9
3352,1,-9,-9
3353,1,-9,-9
3354,5,-9,-9
3355,5,-9,-9
3356,1,-9,-9
3357,3,-9,-9
3358,5,-9,-9
3359,4,-9,-9
3360,5,-9,-9
3361,2,-9,-9
3362,1,-9,-9
3363,1,-9,-9
3364,4,-9,-9
3365,1,-9,-9
3366,1,-9,-9
3367,5,-9,-9
3368,3,-9,-9
3369,5,-9,-9
3370,6,-9,-9
3371,1,-9,-9
3372,1,-9,-9
3373,1,-9,-9
3374,5,-9,-9
3375,1,-9,-9
3376,4,-9,-9
3377,1,-9,-9
3378,3,-9,-9
3379,3,-9,-9
3380,4,-9,-9
3381,1,-9,-9
3382,6,-9,-9
3383,1,-9,-9
3384,4,-9,-9
3385,5,-9,-9
3386,1,-9,-9
3387,4,-9,-9
3388,6,-9,-9
3389,1,-9,-9
3390,1,-9,-9
3391,3,-9,-9
3392,4,-9,-9
3393,4,-9,-9
3394,3,-9,-9
3395,4,-9,-9
3396,1,-9,-9
3397,5,-9,-9
3398,4,-9,-9
3399,4,-9,-9
3400,1,-9,-9
3401,4,-9,-9
3402,1,-9,-9
3403,4,-9,-9
3404,1,-9,-9
3405,4,-9,-9
3406,5,-9,-9
3407,1,-9,-9
3408,1,-9,-9
3409,2,-9,-9
3410,5,-9,-9
3411,1,-9,-9
3412,3,-9,-9
3413,3,-9,-9
3414,4,-9,-9
3415,5,-9,-9
3416,3,-9,-9
3417,5,-9,-9
3418,4,-9,-9
3419,4,-9,-9
3420,1,-9,-9
3421,2,-9,-9
3422,5,-9,-9
3423,1,-9,-9
3424,1,-9,-9
3425,1,-9,-9
3426,4,-9,-9
3427,1,-9,-9
3428,1,-9,-9
3429,5,-9,-9
3430,2,-9,-9
3431,1,-9,-9
3432,1,-9,-9
3433,6,-9,-9
3434,4,-9,-9
3435,1,-9,-9
3436,3,-9,-9
3437,2,-9,-9
3438,1,-9,-9
3439,4,-9,-9
3440,1,-9,-9
3441,5,-9,-9
3442,4,-9,-9
3443,5,-9,-9
3444,1,-9,-9
3445,1,-9,-9
3446,4,-9,-9
3447,6,-9,-9
3448,4,-9,-9
3449,1,-9,-9
3450,1,-9,-9
3451,6,-9,-9
3452,1,-9,-9
3453,6,-9,-9
3454,1,-9,-9
3455,6,-9,-9
3456,1,-9,-9
3457,1,-9,-9
3458,1,-9,-9
3459,3,-9,-9
3460,1,-9,-9
3461,6,-9,-9
3462,1,-9,-9
3463,5,-9,-9
3464,1,-9,-9
3465,6,-9,-9
3466,4,-9,-9
3467,5,-9,-9
3468,6,-9,-9
3469,4,-9,-9
3470,4,-9,-9
3471,1,-9,-9
3472,1,-9,-9
3473,1,-9,-9
3474,6,-9,-9
3475,2,-9,-9
3476,1,-9,-9
3477,4,-9,-9
3478,4,-9,-9
3479,1,-9,-9
3480,6,-9,-9
3481,1,-9,-9
3482,3,-9,-9
3483,3,-9,-9
3484,1,-9,-9
3485,4,-9,-9
3486,1,-9,-9
3487,1,-9,-9
3488,3,-9,-9
3489,1,-9,-9
3490,5,-9,-9
3491,1,-9,-9
3492,1,-9,-9
3493,1,-9,-9
3494,1,-9,-9
3495,6,-9,-9
3496,5,-9,-9
3497,1,-9,-9
3498,3,-9,-9
3499,2,-9,-9
3500,1,-9,-9
3501,1,-9,-9
3502,1,-9,-9
3503,5,-9,-9
3504,1,-9,-9
3505,4,-9,-9
3506,1,-9,-9
3507,4,-9,-9
3508,4,-9,-9
3509,4,-9,-9
3510,4,-9,-9
3511,5,-9,-9
3512,4,-9,-9
3513,1,-9,-9
3514,5,-9,-9
3515,2,-9,-9
3516,1,-9,-9
3517,4,-9,-9
3518,3,-9,-9
3519,5,-9,-9
3520,5,-9,-9
3521,1,-9,-9
3522,3,-9,-9
3523,1,-9,-9
3524,1,-9,-9
3525,5,-9,-9
3526,1,-9,-9
3527,1,-9,-9
3528,1,-9,-9
3529,1,-9,-9
3530,1,-9,-9
3531,1,-9,-9
3532,1,-9,-9
3533,5,-9,-9
3534,4,-9,-9
3535,1,-9,-9
3536,1,-9,-9
3537,4,-9,-9
3538,4,-9,-9
3539,1,-9,-9
3540,1,-9,-9
3541,1,-9,-9
3542,5,-9,-9
3543,1,-9,-9
3544,2,-9,-9
3545,5,-9,-9
3546,4,-9,-9
3547,5,-9,-9
3548,5,-9,-9
3549,2,-9,-9
3550,5,-9,-9
3551,1,-9,-9
3552,3,-9,-9
3553,1,-9,-9
3554,4,-9,-9
3555,1,-9,-9
3556,1,-9,-9
3557,4,-9,-9
3558,4,-9,-9
3559,5,-9,-9
3560,4,-9,-9
3561,4,-9,-9
3562,4,-9,-9
3563,5,-9,-9
3564,1,-9,-9
3565,1,-9,-9
3566,4,-9,-9
3567,1,-9,-9
3568,1,-9,-9
3569,1,-9,-9
3570,4,-9,-9
3571,1,-9,-9
3572,4,-9,-9
3573,5,-9,-9
3574,4,-9,-9
3575,1,-9,-9
3576,1,-9,-9
3577,1,-9,-9
3578,1,-9,-9
3579,4,-9,-9
3580,4,-9,-9
3581,1,-9,-9
3582,4,-9,-9
3583,1,-9,-9
3584,1,-9,-9
3585,5,-9,-9
3586,1,-9,-9
3587,1,-9,-9
3588,4,-9,-9
3589,5,-9,-9
3590,1,-9,-9
3591,1,-9,-9
3592,1,-9,-9
3593,5,-9,-9
3594,5,-9,-9
3595,1,-9,-9
3596,4,-9,-9
3597,4,-9,-9
3598,1,-9,-9
3599,1,-9,-9
3600,1,-9,-9
3601,5,-9,-9
3602,3,-9,-9
3603,5,-9,-9
3604,6,-9,-9
3605,1,-9,-9
3606,2,-9,-9
3607,1,-9,-9
3608,3,-9,-9
3609,3,-9,-9
3610,5,-9,-9
3611,4,-9,-9
3612,5,-9,-9
3613,1,-9,-9
3614,5,-9,-9
3615,3,-9,-9
3616,1,-9,-9
3617,1,-9,-9
3618,5,-9,-9
3619,5,-9,-9
3620,2,-9,-9
3621,1,-9,-9
3622,6,-9,-9
3623,5,-9,-9
